{
    "final_training_avg_weighted_loss": 0.22685766220092773,
    "final_training_avg_accuracy": 0.921564519405365
}